product_id,brand,name,detalles,descripcion,material,color,peso,price,dimensiones,voltaje,potencia,garantia,fabricante,categoria_padre,sub_categoria,tags
B148,Well Me,Resonance L B148,"Revitaliza tu cuerpo y mente con 8 terapias de bienestar en 1 esterilla y dale a tu bienestar la atención y el cuidado que se merece hoy. Nuestra almohadilla térmica de cuerpo completo ofrece un alivio específico del dolor en todas las áreas del cuerpo, el tamaño de esta almohadilla térmica extra grande es de 148 x 66 centimetros | Características especiales: Ajustes de tiempo y temperatura, controlador de apagado automático, Almohadilla térmica infrarroja, Luces de fotones, Terapia de iones negativos calmantes, Terapia relajante con piedras calientes","WELL ME Almohadilla térmica infrarroja avanzada, elegible para FSA HSA, piedras preciosas de amatista, turmalina y jade, alfombrilla térmica con luces LED rojas, iones negativos, 72 x 24 pulgadas","Cuero Pu de Grado Médico, Piedras Preciosas de Amatista Natural, Piedras Preciosas de Jade Natural, Piedras Preciosas de Turmalina Natural",Gris,30 libras,,148 X 66 Centimetros,110-120 Voltios,200 Vatios,¡garantía de 5 Años!,Well Me,Hogar y Salud,Terapia Térmica,"terapia térmica, infrarrojo, piedras preciosas, bienestar, relajación"
B190,Well Me,Resonance Pro B190,"Revitaliza tu cuerpo y mente con 8 terapias de bienestar en 1 esterilla y dale a tu bienestar la atención y el cuidado que se merece hoy. Nuestra almohadilla térmica de cuerpo completo ofrece un alivio específico del dolor en todas las áreas del cuerpo, el tamaño de esta almohadilla térmica extra grande es de 190 x 80 centimetros | Características especiales: Ajustes de tiempo y temperatura, controlador de apagado automático, Almohadilla térmica infrarroja, Luces de fotones, Terapia de iones negativos calmantes, Terapia relajante con piedras calientes","WELL ME Almohadilla térmica infrarroja avanzada, elegible para FSA HSA, piedras preciosas de amatista, turmalina y jade, alfombrilla térmica con luces LED rojas, iones negativos, 72 x 24 pulgadas","Cuero Pu de Grado Médico, Piedras Preciosas de Amatista Natural, Piedras Preciosas de Jade Natural, Piedras Preciosas de Turmalina Natural",Gris,42 libras,,190 X 80 Centimetros,110-120 Voltios,200 Vatios,¡garantía de 5 Años!,Well Me,Hogar y Salud,Terapia Térmica,"terapia térmica, infrarrojo, piedras preciosas, bienestar, relajación"
B85,Well Me,Resonance Mini B85,"Revitaliza tu cuerpo y mente con 8 terapias de bienestar en 1 esterilla y dale a tu bienestar la atención y el cuidado que se merece hoy. Nuestra almohadilla térmica de cuerpo completo ofrece un alivio específico del dolor en todas las áreas del cuerpo, el tamaño de esta almohadilla térmica extra grande es de 85 x 47 centimetros | Características especiales: Ajustes de tiempo y temperatura, controlador de apagado automático, Almohadilla térmica infrarroja, Luces de fotones, Terapia de iones negativos calmantes, Terapia relajante con piedras calientes","WELL ME Almohadilla térmica infrarroja avanzada, elegible para FSA HSA, piedras preciosas de amatista, turmalina y jade, alfombrilla térmica con luces LED rojas, iones negativos, 72 x 24 pulgadas","Cuero Pu de Grado Médico, Piedras Preciosas de Amatista Natural, Piedras Preciosas de Jade Natural, Piedras Preciosas de Turmalina Natural",Gris,10 libras,,85 X 47 Centimetros,110-120 Voltios,200 Vatios,¡garantía de 5 Años!,Well Me,Hogar y Salud,Terapia Térmica,"terapia térmica, infrarrojo, piedras preciosas, bienestar, relajación"
CNTT9GS,Carico,Sartén Gourmet de 9”,"Cocinar saludablemente, no solo es elegir los alimentos, sino también es decidir como se preparan y en dónde se preparan.","La tecnología Ultra Tech II para cocinar saludablemente ha sido desarrollado científicamente para conducir el calor de la manera más eficiente que permite cocinar carnes sin grasa.
La forma más higiénica de cocinar es con acero quirúrgico inoxidable T316, el material más resistente y duradero del mercado.",Acero Quirúrgico Inoxidable,,2 - 4 libras,299.7,9”,No Aplica,No Aplica,Garantía Vitalicia (lifetime),Carico,Cocina,Ollas y Sartenes,"acero quirúrgico, cocina saludable, sin grasa"
CNTT9GG,Carico,Tapa Transparente para Sartén Gourmet de 9”,"Cocinar saludablemente, no solo es elegir los alimentos, sino también es decidir como se preparan y en dónde se preparan.","La tecnología Ultra Tech II para cocinar saludablemente ha sido desarrollado científicamente para conducir el calor de la manera más eficiente que permite cocinar carnes sin grasa.
La forma más higiénica de cocinar es con acero quirúrgico inoxidable T316, el material más resistente y duradero del mercado.",Acero Quirúrgico Inoxidable,,2 - 4 libras,79.33,9”,No Aplica,No Aplica,Garantía Vitalicia (lifetime),Carico,Cocina,Ollas y Sartenes,"acero quirúrgico, cocina saludable, sin grasa"
CNTT11GS,Carico,Sartén Gourmet de 11”,"Cocinar saludablemente, no solo es elegir los alimentos, sino también es decidir como se preparan y en dónde se preparan.","La tecnología Ultra Tech II para cocinar saludablemente ha sido desarrollado científicamente para conducir el calor de la manera más eficiente que permite cocinar carnes sin grasa.
La forma más higiénica de cocinar es con acero quirúrgico inoxidable T316, el material más resistente y duradero del mercado.",Acero Quirúrgico Inoxidable,,4 - 6 libras,388.11,11”,No Aplica,No Aplica,Garantía Vitalicia (lifetime),Carico,Cocina,Ollas y Sartenes,"acero quirúrgico, cocina saludable, sin grasa"
CNTT11GG,Carico,Tapa Transparente para Sartén Gourmet de 11”,"Cocinar saludablemente, no solo es elegir los alimentos, sino también es decidir como se preparan y en dónde se preparan.","La tecnología Ultra Tech II para cocinar saludablemente ha sido desarrollado científicamente para conducir el calor de la manera más eficiente que permite cocinar carnes sin grasa.
La forma más higiénica de cocinar es con acero quirúrgico inoxidable T316, el material más resistente y duradero del mercado.",Acero Quirúrgico Inoxidable,,4 - 6 libras,88.18,11”,No Aplica,No Aplica,Garantía Vitalicia (lifetime),Carico,Cocina,Ollas y Sartenes,"acero quirúrgico, cocina saludable, sin grasa"
CNTT13GS,Carico,Sartén Gourmet de 13”,"Cocinar saludablemente, no solo es elegir los alimentos, sino también es decidir como se preparan y en dónde se preparan.","La tecnología Ultra Tech II para cocinar saludablemente ha sido desarrollado científicamente para conducir el calor de la manera más eficiente que permite cocinar carnes sin grasa.
La forma más higiénica de cocinar es con acero quirúrgico inoxidable T316, el material más resistente y duradero del mercado.",Acero Quirúrgico Inoxidable,,4 - 6 libras,537.94,13”,No Aplica,No Aplica,Garantía Vitalicia (lifetime),Carico,Cocina,Ollas y Sartenes,"acero quirúrgico, cocina saludable, sin grasa"
CNTT13GG,Carico,Tapa Transparente para Sartén Gourmet de 13”,"Cocinar saludablemente, no solo es elegir los alimentos, sino también es decidir como se preparan y en dónde se preparan.","La tecnología Ultra Tech II para cocinar saludablemente ha sido desarrollado científicamente para conducir el calor de la manera más eficiente que permite cocinar carnes sin grasa.
La forma más higiénica de cocinar es con acero quirúrgico inoxidable T316, el material más resistente y duradero del mercado.",Acero Quirúrgico Inoxidable,,4 - 6 libras,97.11,13”,No Aplica,No Aplica,Garantía Vitalicia (lifetime),Carico,Cocina,Ollas y Sartenes,"acero quirúrgico, cocina saludable, sin grasa"
CNTT1QN,Carico,Olla de 1 Cuarto con Tapa Ultra Temp,"Cocinar saludablemente, no solo es elegir los alimentos, sino también es decidir como se preparan y en dónde se preparan.","La tecnología Ultra Tech II para cocinar saludablemente ha sido desarrollado científicamente para conducir el calor de la manera más eficiente que permite cocinar carnes sin grasa.
La forma más higiénica de cocinar es con acero quirúrgico inoxidable T316, el material más resistente y duradero del mercado.",Acero Quirúrgico Inoxidable,,2 - 4 libras,475.95,1 Cuarto,No Aplica,No Aplica,Garantía Vitalicia (lifetime),Carico,Cocina,Ollas y Sartenes,"acero quirúrgico, cocina saludable, sin grasa"
CNTT1HQN,Carico,Olla de 1.7 Cuartos con Tapa Ultra Temp,"Cocinar saludablemente, no solo es elegir los alimentos, sino también es decidir como se preparan y en dónde se preparan.","La tecnología Ultra Tech II para cocinar saludablemente ha sido desarrollado científicamente para conducir el calor de la manera más eficiente que permite cocinar carnes sin grasa.
La forma más higiénica de cocinar es con acero quirúrgico inoxidable T316, el material más resistente y duradero del mercado.",Acero Quirúrgico Inoxidable,,Varía según modelo,649.82,1.7 Cuarto,No Aplica,No Aplica,Garantía Vitalicia (lifetime),Carico,Cocina,Ollas y Sartenes,"acero quirúrgico, cocina saludable, sin grasa"
CNTT3QN,Carico,Olla de 3 Cuartos con Tapa Ultra Temp,"Cocinar saludablemente, no solo es elegir los alimentos, sino también es decidir como se preparan y en dónde se preparan.","La tecnología Ultra Tech II para cocinar saludablemente ha sido desarrollado científicamente para conducir el calor de la manera más eficiente que permite cocinar carnes sin grasa.
La forma más higiénica de cocinar es con acero quirúrgico inoxidable T316, el material más resistente y duradero del mercado.",Acero Quirúrgico Inoxidable,,2 - 4 libras,630.61,3 Cuarto,No Aplica,No Aplica,Garantía Vitalicia (lifetime),Carico,Cocina,Ollas y Sartenes,"acero quirúrgico, cocina saludable, sin grasa"
CNTT11FN,Carico,Sartén de 11” con Tapa Ultra Temp,"Cocinar saludablemente, no solo es elegir los alimentos, sino también es decidir como se preparan y en dónde se preparan.","La tecnología Ultra Tech II para cocinar saludablemente ha sido desarrollado científicamente para conducir el calor de la manera más eficiente que permite cocinar carnes sin grasa.
La forma más higiénica de cocinar es con acero quirúrgico inoxidable T316, el material más resistente y duradero del mercado.",Acero Quirúrgico Inoxidable,,4 - 6 libras,750.31,11”,No Aplica,No Aplica,Garantía Vitalicia (lifetime),Carico,Cocina,Ollas y Sartenes,"acero quirúrgico, cocina saludable, sin grasa"
CNTT5QN,Carico,Olla de 5 Cuartos con Tapa Ultra Temp,"Cocinar saludablemente, no solo es elegir los alimentos, sino también es decidir como se preparan y en dónde se preparan.","La tecnología Ultra Tech II para cocinar saludablemente ha sido desarrollado científicamente para conducir el calor de la manera más eficiente que permite cocinar carnes sin grasa.
La forma más higiénica de cocinar es con acero quirúrgico inoxidable T316, el material más resistente y duradero del mercado.",Acero Quirúrgico Inoxidable,,4 - 6 libras,799.08,5 Cuarto,No Aplica,No Aplica,Garantía Vitalicia (lifetime),Carico,Cocina,Ollas y Sartenes,"acero quirúrgico, cocina saludable, sin grasa"
CNTT2QND,Carico,Olla de 2 Cuartos con Tapa de Domo,"Cocinar saludablemente, no solo es elegir los alimentos, sino también es decidir como se preparan y en dónde se preparan.","La tecnología Ultra Tech II para cocinar saludablemente ha sido desarrollado científicamente para conducir el calor de la manera más eficiente que permite cocinar carnes sin grasa.
La forma más higiénica de cocinar es con acero quirúrgico inoxidable T316, el material más resistente y duradero del mercado.",Acero Quirúrgico Inoxidable,,2 - 4 libras,593.05,2 Cuarto,No Aplica,No Aplica,Garantía Vitalicia (lifetime),Carico,Cocina,Ollas y Sartenes,"acero quirúrgico, cocina saludable, sin grasa"
CNTT6QND,Carico,Olla de 6 Cuartos con Tapa de Domo,"Cocinar saludablemente, no solo es elegir los alimentos, sino también es decidir como se preparan y en dónde se preparan.","La tecnología Ultra Tech II para cocinar saludablemente ha sido desarrollado científicamente para conducir el calor de la manera más eficiente que permite cocinar carnes sin grasa.
La forma más higiénica de cocinar es con acero quirúrgico inoxidable T316, el material más resistente y duradero del mercado.",Acero Quirúrgico Inoxidable,,4 - 6 libras,917.12,6 Cuarto,No Aplica,No Aplica,Garantía Vitalicia (lifetime),Carico,Cocina,Ollas y Sartenes,"acero quirúrgico, cocina saludable, sin grasa"
CNTT6PC,Carico,Juego Básico de Ollas Ulta Tech Ii de 6 Piezas,"Cocinar saludablemente, no solo es elegir los alimentos, sino también es decidir como se preparan y en dónde se preparan.","La tecnología Ultra Tech II para cocinar saludablemente ha sido desarrollado científicamente para conducir el calor de la manera más eficiente que permite cocinar carnes sin grasa.
La forma más higiénica de cocinar es con acero quirúrgico inoxidable T316, el material más resistente y duradero del mercado.",Acero Quirúrgico Inoxidable,,Varía según modelo,1687.84,6 Piezas,No Aplica,No Aplica,Garantía Vitalicia (lifetime),Carico,Cocina,Ollas y Sartenes,"acero quirúrgico, cocina saludable, sin grasa"
CNTT8PC,Carico,Juego Clásico de Ollas Ultra Tech Ii de 8 Piezas,"Cocinar saludablemente, no solo es elegir los alimentos, sino también es decidir como se preparan y en dónde se preparan.","La tecnología Ultra Tech II para cocinar saludablemente ha sido desarrollado científicamente para conducir el calor de la manera más eficiente que permite cocinar carnes sin grasa.
La forma más higiénica de cocinar es con acero quirúrgico inoxidable T316, el material más resistente y duradero del mercado.",Acero Quirúrgico Inoxidable,,Varía según modelo,2333.03,8 Piezas,No Aplica,No Aplica,Garantía Vitalicia (lifetime),Carico,Cocina,Ollas y Sartenes,"acero quirúrgico, cocina saludable, sin grasa"
CNTT10PC,Carico,Juego Clásico de Ollas Ultra Tech Ii de 10 Piezas,"Cocinar saludablemente, no solo es elegir los alimentos, sino también es decidir como se preparan y en dónde se preparan.","La tecnología Ultra Tech II para cocinar saludablemente ha sido desarrollado científicamente para conducir el calor de la manera más eficiente que permite cocinar carnes sin grasa.
La forma más higiénica de cocinar es con acero quirúrgico inoxidable T316, el material más resistente y duradero del mercado.",Acero Quirúrgico Inoxidable,,Varía según modelo,2800.8,10 Piezas,No Aplica,No Aplica,Garantía Vitalicia (lifetime),Carico,Cocina,Ollas y Sartenes,"acero quirúrgico, cocina saludable, sin grasa"
CNTTBOX,Carico,Caja para Termómetros Ultra Temp,Caja accesorio para guardar los termómetros Ultra Temp,Caja accesorio para guardar los termómetros Ultra Temp,,,Varía según modelo,44.39,,No Aplica,No Aplica,Garantía Vitalicia (lifetime),Carico,Cocina,Accesorios,accesorios
CNTTCOOK,Carico,Hoja Metálica para Honrear,"Este molde hornear galletas, está fabricado de acero inoxidable quirúrgico T304 priorizando la higiene y la durabilidad.","Este molde hornear galletas, está fabricado de acero inoxidable quirúrgico T304 priorizando la higiene y la durabilidad.",Acero Quirúrgico Inoxidable,,Varía según modelo,115.73,,No Aplica,No Aplica,Garantía Vitalicia (lifetime),Carico,Cocina,Repostería,"acero quirúrgico, hornear, repostería"
CNTTCKPN,Carico,Molde Redondo para Torta de 9”,"Este molde hornear pastel, está fabricado de acero inoxidable quirúrgico T304 priorizando la higiene y la durabilidad.","Este molde hornear pastel, está fabricado de acero inoxidable quirúrgico T304 priorizando la higiene y la durabilidad.",Acero Quirúrgico Inoxidable,,2 - 4 libras,103.47,9”,No Aplica,No Aplica,Garantía Vitalicia (lifetime),Carico,Cocina,Repostería,"acero quirúrgico, hornear, repostería"
CNTTPIEP,Carico,Molde Redondo para Pie de 9”,"Este molde hornear pie, está fabricado de acero inoxidable quirúrgico T304 priorizando la higiene y la durabilidad.","Este molde hornear pie, está fabricado de acero inoxidable quirúrgico T304 priorizando la higiene y la durabilidad.",Acero Quirúrgico Inoxidable,,2 - 4 libras,91.73,9”,No Aplica,No Aplica,Garantía Vitalicia (lifetime),Carico,Cocina,Repostería,"acero quirúrgico, hornear, repostería"
KIT6SET,Carico,Utencilios Set de 5 Piezas,Estos utensilios totalmente higiénicos hacen que las tareas en la cocina sean más limpias y sencillas.,El colgador permite tener acceso a los utensilios y es muy fácil de instalar.,,,Varía según modelo,247.89,5 Piezas,No Aplica,No Aplica,Garantía Vitalicia (lifetime),Carico,Cocina,Utensilios,"utensilios, cocina, higiene"
AIRMCOMP1,Carico,Purificador de Aire Compacto - Negro,"La tecnología para purificar el aire de Carico es la única que aborda los 3 tipos de contaminantes del aire: partículas como polvo y polen, compuestos orgánicos volátiles como los productos químicos, pinturas y bioaerosoles como las bacterias, virus (incluyendo el que produce COVID19) y esporas de moho.","La tecnología para purificar el aire de Carico es la única que aborda los 3 tipos de contaminantes del aire: partículas como polvo y polen, compuestos orgánicos volátiles como los productos químicos, pinturas y bioaerosoles como las bacterias, virus (incluyendo el que produce COVID19) y esporas de moho.",,Negro,12 libras,1320.66,,110-120 Voltios,50 - 100 Vatios,Garantía Limitada (1-5 Años),Carico,Hogar y Salud,Purificadores de Aire,"purificador, aire limpio, filtro, salud respiratoria"
AIRMCOMQ1,Carico,Purificador de Aire Compacto - Plateado,"La tecnología para purificar el aire de Carico es la única que aborda los 3 tipos de contaminantes del aire: partículas como polvo y polen, compuestos orgánicos volátiles como los productos químicos, pinturas y bioaerosoles como las bacterias, virus (incluyendo el que produce COVID19) y esporas de moho.","La tecnología para purificar el aire de Carico es la única que aborda los 3 tipos de contaminantes del aire: partículas como polvo y polen, compuestos orgánicos volátiles como los productos químicos, pinturas y bioaerosoles como las bacterias, virus (incluyendo el que produce COVID19) y esporas de moho.",,Plateado,12 libras,1320.66,,110-120 Voltios,50 - 100 Vatios,Garantía Limitada (1-5 Años),Carico,Hogar y Salud,Purificadores de Aire,"purificador, aire limpio, filtro, salud respiratoria"
AIRMDELU1,Carico,Purificador de Aire Deluxe - Negro,"La tecnología para purificar el aire de Carico es la única que aborda los 3 tipos de contaminantes del aire: partículas como polvo y polen, compuestos orgánicos volátiles como los productos químicos, pinturas y bioaerosoles como las bacterias, virus (incluyendo el que produce COVID19) y esporas de moho.","La tecnología para purificar el aire de Carico es la única que aborda los 3 tipos de contaminantes del aire: partículas como polvo y polen, compuestos orgánicos volátiles como los productos químicos, pinturas y bioaerosoles como las bacterias, virus (incluyendo el que produce COVID19) y esporas de moho.",,Negro,25 libras,3096.16,,110-120 Voltios,50 - 100 Vatios,Garantía Limitada (1-5 Años),Carico,Hogar y Salud,Purificadores de Aire,"purificador, aire limpio, filtro, salud respiratoria"
AIRMDELV1,Carico,Purificador de Aire Deluxe - Blanco,"La tecnología para purificar el aire de Carico es la única que aborda los 3 tipos de contaminantes del aire: partículas como polvo y polen, compuestos orgánicos volátiles como los productos químicos, pinturas y bioaerosoles como las bacterias, virus (incluyendo el que produce COVID19) y esporas de moho.","La tecnología para purificar el aire de Carico es la única que aborda los 3 tipos de contaminantes del aire: partículas como polvo y polen, compuestos orgánicos volátiles como los productos químicos, pinturas y bioaerosoles como las bacterias, virus (incluyendo el que produce COVID19) y esporas de moho.",,Blanco,25 libras,3096.16,,110-120 Voltios,50 - 100 Vatios,Garantía Limitada (1-5 Años),Carico,Hogar y Salud,Purificadores de Aire,"purificador, aire limpio, filtro, salud respiratoria"
AIRMCOMC,Carico,Repuesto Cartucho Modelo Compacto,"Reemplazo de 4 etapas: prefiltro, HEPA, anti microbiano y carbón activado de alto espectro.","Reemplazo de 4 etapas: prefiltro, HEPA, anti microbiano y carbón activado de alto espectro.",,,Varía según modelo,193.76,,No Aplica,No Aplica,Garantía Limitada (1-5 Años),Carico,Hogar y Salud,Purificadores de Aire,"purificador, aire limpio, filtro, salud respiratoria"
AIRMCART1,Carico,Repuesto Cartucho Modelo Deluxe,"Reemplazo de 8 etapas: prefiltros, HEPA, anti microbiano, GWM-X y carbón activado de alto espectro.","Reemplazo de 8 etapas: prefiltros, HEPA, anti microbiano, GWM-X y carbón activado de alto espectro.",,,Varía según modelo,442.38,,No Aplica,No Aplica,Garantía Limitada (1-5 Años),Carico,Hogar y Salud,Purificadores de Aire,"purificador, aire limpio, filtro, salud respiratoria"
BEDTOPPERXL4,Carico,Sistema de Descanso con Tecnología Earthing - Twin,"La tecnología detrás de la colchoneta con Earthing de Carico, te permite conectarte con la energía de la tierra mientras duermes.","La tecnología detrás de la colchoneta con Earthing de Carico, te permite conectarte con la energía de la tierra mientras duermes.",,,15 libras,1499.0,Twin,No Aplica,No Aplica,Garantía de 10 Años,Carico,Dormitorio,Sistemas de Descanso,"earthing, descanso, energía, colchoneta"
BEDTOPPERFUL4,Carico,Sistema de Descanso con Tecnología Earthing - Full,"La tecnología detrás de la colchoneta con Earthing de Carico, te permite conectarte con la energía de la tierra mientras duermes.","La tecnología detrás de la colchoneta con Earthing de Carico, te permite conectarte con la energía de la tierra mientras duermes.",,,20 libras,2308.26,Full,No Aplica,No Aplica,Garantía de 10 Años,Carico,Dormitorio,Sistemas de Descanso,"earthing, descanso, energía, colchoneta"
BEDTOPPERQN4,Carico,Sistema de Descanso con Tecnología Earthing - Queen,"La tecnología detrás de la colchoneta con Earthing de Carico, te permite conectarte con la energía de la tierra mientras duermes.","La tecnología detrás de la colchoneta con Earthing de Carico, te permite conectarte con la energía de la tierra mientras duermes.",,,25 libras,2611.21,Queen,No Aplica,No Aplica,Garantía de 10 Años,Carico,Dormitorio,Sistemas de Descanso,"earthing, descanso, energía, colchoneta"
BEDTOPPERCK4,Carico,Sistema de Descanso con Tecnología Earthing - King,"La tecnología detrás de la colchoneta con Earthing de Carico, te permite conectarte con la energía de la tierra mientras duermes.","La tecnología detrás de la colchoneta con Earthing de Carico, te permite conectarte con la energía de la tierra mientras duermes.",,,30 libras,2899.0,King,No Aplica,No Aplica,Garantía de 10 Años,Carico,Dormitorio,Sistemas de Descanso,"earthing, descanso, energía, colchoneta"
FILGRAVITY2,Carico,Filtro de Agua Gravity con 2 Cartuchos,Ideal para espacios donde no se cuenta con acceso a una conexión directa de agua o se requiere movilidad.,Ideal para espacios donde no se cuenta con acceso a una conexión directa de agua o se requiere movilidad.,,,5 - 10 libras,615.93,,No Aplica,No Aplica,Garantía Limitada (1-5 Años),Carico,Hogar y Salud,Purificadores de Agua,"purificador de agua, filtro de agua, hidratación, minerales"
FILNUUU1,Carico,Purificador de Agua Nutri Tech de 10”,"La tecnología NUTRI TECH de Carico, consigue el más alto estándar de limpieza del agua sin descuidar los minerales benéficos como calcio, magnesio y potasio, electrolitos esenciales para una adecuada hidratación.","La tecnología NUTRI TECH de Carico, consigue el más alto estándar de limpieza del agua sin descuidar los minerales benéficos como calcio, magnesio y potasio, electrolitos esenciales para una adecuada hidratación.",,,5 - 10 libras,1512.65,10”,No Aplica,No Aplica,Garantía Limitada (1-5 Años),Carico,Hogar y Salud,Purificadores de Agua,"purificador de agua, filtro de agua, hidratación, minerales"
FILNUTU,Carico,Purificador de Agua Nutri Tech de 15”,"La tecnología NUTRI TECH de Carico, consigue el más alto estándar de limpieza del agua sin descuidar los minerales benéficos como calcio, magnesio y potasio, electrolitos esenciales para una adecuada hidratación.","La tecnología NUTRI TECH de Carico, consigue el más alto estándar de limpieza del agua sin descuidar los minerales benéficos como calcio, magnesio y potasio, electrolitos esenciales para una adecuada hidratación.",,,5 - 10 libras,1823.68,15”,No Aplica,No Aplica,Garantía Limitada (1-5 Años),Carico,Hogar y Salud,Purificadores de Agua,"purificador de agua, filtro de agua, hidratación, minerales"
FILCACHE,Carico,Repuesto Cerámica Gravity,Medio filtrante de reemplazo para unidad Gravity de Cerámica.,Medio filtrante de reemplazo para unidad Gravity de Cerámica.,Cerámica,,Varía según modelo,155.0,,No Aplica,No Aplica,Garantía Limitada (1-5 Años),Carico,Hogar y Salud,Purificadores de Agua,"purificador de agua, filtro de agua, hidratación, minerales"
FILCAPE,Carico,Repuesto Cerámica 10”,Medio filtrante de reemplazo para unidad de 10″ de Cerámica,Medio filtrante de reemplazo para unidad de 10″ de Cerámica,Cerámica,,Varía según modelo,340.61,10”,No Aplica,No Aplica,Garantía Limitada (1-5 Años),Carico,Hogar y Salud,Purificadores de Agua,"purificador de agua, filtro de agua, hidratación, minerales"
FILCART,Carico,Repuesto Cerámica 15”,Medio filtrante de reemplazo para unidad de 15″ de Cerámica,Medio filtrante de reemplazo para unidad de 15″ de Cerámica,Cerámica,,Varía según modelo,363.49,15”,No Aplica,No Aplica,Garantía Limitada (1-5 Años),Carico,Hogar y Salud,Purificadores de Agua,"purificador de agua, filtro de agua, hidratación, minerales"
